timestamp,wave_height,current_speed,sensor_tilt,max_force,mean_force
2025-03-21 00:00:00,2.347699907107863,0.34261775475316414,0.3899355436586002,198.36353551221345,135.16913780991285
2025-03-21 00:10:00,1.9032149891801708,0.44094166404701307,0.3424633682912769,118.54489741310871,72.69196448823728
2025-03-21 00:20:00,2.4533819766704847,0.11014324261808586,0.2559630369920174,97.8927396640578,65.56504334270505
2025-03-21 00:30:00,3.0661208994856177,0.3062969236690571,0.1853063222294426,187.47314091522784,116.64571699234202
2025-03-21 00:40:00,1.8360926376936648,0.1849357430878173,0.319822331361359,108.18542169444574,82.39910642129676
2025-03-21 00:50:00,1.8361041301355736,0.2012874616235304,0.28934853854217496,95.05952097361146,75.05306654028888
2025-03-21 01:00:00,3.105448970855174,0.19076060757611307,0.33951932200277324,215.95826811326125,132.69842901850873
2025-03-21 01:10:00,2.537204310407036,0.1636009230320184,0.31351718016819696,197.25591185544312,156.0339713415309
2025-03-21 01:20:00,1.6713679298455335,0.2548521627944827,0.3549552715319335,120.57306251695599,84.94556970651912
2025-03-21 01:30:00,2.3797920305101754,0.16690498835889622,0.1964764788439432,213.48613399104036,140.88230408717973
2025-03-21 01:40:00,1.6756076150312764,0.2770456825779839,0.3817394065634326,62.03528143395561,38.1748009546443
2025-03-21 01:50:00,1.6739891725008202,0.2449761890550863,0.26975996046923995,103.90930377594854,72.74948609527732
2025-03-21 02:00:00,2.1693735900962237,0.22610519531335901,0.4575260872625265,104.38860475125736,79.22083667926937
2025-03-21 02:10:00,0.6607038287395415,0.15924363379584022,0.18108121819104323,-40.745651673271034,-30.209530865080456
2025-03-21 02:20:00,0.7925575172408772,0.19232286694316672,0.4235963803165249,63.19805587055607,38.55367077806472
2025-03-21 02:30:00,1.6063987295313191,0.3255391225825756,0.26979107834626476,112.18229488258464,68.94503596809554
2025-03-21 02:40:00,1.2910182157659034,0.30009171876243806,0.18485819963855515,173.92973381941664,118.37216885389981
2025-03-21 02:50:00,2.219973132816692,0.1522444755201449,0.20161141659456783,161.79591675247934,106.63290929004351
2025-03-21 03:00:00,1.3643831471351524,0.2599332305429226,0.21796526918056797,47.36244457820099,30.61872467123756
2025-03-21 03:10:00,1.011387409065296,0.3251387123371789,0.29241659464019165,181.63620189649595,119.18983911741891
2025-03-21 03:20:00,3.025954138245088,0.0830594718878628,0.30228354880354996,226.70100985337933,172.45067577306108
2025-03-21 03:30:00,1.841956589659425,0.3043360192379935,0.1926299996061421,155.48891657232423,122.19028260495986
2025-03-21 03:40:00,2.0472697432815465,0.18373762410541533,0.24756454077390172,114.3643354476053,77.88446135809906
2025-03-21 03:50:00,1.0026762696505802,0.30705986685931597,0.4642270358611864,42.15237904951033,32.93037431427034
2025-03-21 04:00:00,1.618932092832372,0.17367408434574833,0.42275431701007116,88.15876061284222,58.5637888805793
2025-03-21 04:10:00,2.077645812796906,0.06951178993354809,0.2936323669674032,171.14354795775748,118.99395201889011
2025-03-21 04:20:00,1.194304495804388,0.08724575621168373,0.25380034781682004,167.74512266445464,108.2301259915465
2025-03-21 04:30:00,2.2629886128419705,0.2548084946661382,0.2620031326718261,221.0325191757583,160.9327181202242
2025-03-21 04:40:00,1.5795529170568365,0.2759722501721482,0.3113517972730417,88.3594357262038,70.31610522041345
2025-03-21 04:50:00,1.7958143751447062,0.15956833748955912,0.14772074348015946,52.72109571134385,37.99602088233395
2025-03-21 05:00:00,1.5788053714394221,0.3138592458777374,0.2242623462576655,121.85575243045835,81.83379234824937
2025-03-21 05:10:00,3.296594729156256,0.08384799377310401,0.08314159261224105,86.45539940922542,63.07470285301035
2025-03-21 05:20:00,1.9905519426834462,0.24339202013526834,0.28992231226052795,145.82363110214877,91.07912659556176
2025-03-21 05:30:00,1.2596023497308697,0.1288983800237543,0.3147195939702741,74.78421805339096,58.16206571877326
2025-03-21 05:40:00,2.5757814384722324,0.18481638921978408,0.2016813537700626,128.00251282757918,89.68070966915654
2025-03-21 05:50:00,1.1454094450202845,0.25473986713164143,0.4073986763290033,11.157279127418647,7.697071576005159
2025-03-21 06:00:00,2.146204516503329,0.16395866347160476,0.1274234336997659,151.93456617480808,108.96336219904109
2025-03-21 06:10:00,0.6282309132841573,0.21154444557701746,0.10356251197901797,28.002198478394398,20.300383433421995
2025-03-21 06:20:00,1.0702697657710987,0.3506292809214441,0.2724451818559972,35.52947823230488,21.827718328369134
2025-03-21 06:30:00,2.1378028651083865,0.19231081304768513,0.35470983026121544,-10.397689498670331,-7.658142081747418
2025-03-21 06:40:00,2.516926605996787,0.33356921120651417,0.4183927691457869,166.1953615508747,107.75880154665484
2025-03-21 06:50:00,2.1199577968329795,0.13702931453423817,0.204111573713106,212.3956326028221,157.76546376763073
2025-03-21 07:00:00,1.9190462023282315,0.3029804177915283,0.3578680833431296,216.47067428982052,165.49333688732952
2025-03-21 07:10:00,1.7892274130874979,0.39415686206579004,0.2461491530499293,110.94522709263889,84.40620809427801
2025-03-21 07:20:00,0.9650346067428008,0.05,0.23273727000591804,27.79587271916937,19.748972944959146
2025-03-21 07:30:00,1.4961090541237039,0.17031047445295233,0.33836599374866727,122.04253283020496,85.92208993004678
2025-03-21 07:40:00,1.6775528603281487,0.307707212718054,0.31523228784134194,71.0337380856251,44.6500455746782
2025-03-21 07:50:00,2.739985558353241,0.22969546139570074,0.09236078430157504,176.9056347342369,133.57600141570492
2025-03-21 08:00:00,2.2405328026979228,0.2871145873371309,0.39765403497258955,186.99519348729552,122.34756601455739
2025-03-21 08:10:00,0.7658718912460862,0.18960148132841795,0.38800913541474513,126.36058659765638,88.36889695612317
2025-03-21 08:20:00,2.2268587785763563,0.25865897874729,0.18744372984904706,135.95000757653014,89.2994175633795
2025-03-21 08:30:00,1.7304424037085784,0.23443227646079207,0.2895803533437409,105.57326738953465,66.16969994397485
2025-03-21 08:40:00,1.526154599785829,0.3667782061659807,0.2994030186282739,75.07448164062694,54.49743253577898
2025-03-21 08:50:00,2.4281734021886074,0.2754420843301213,0.2760673765823907,113.13020837209731,69.10744390741742
2025-03-21 09:00:00,2.7216996657471655,0.2837602662075202,0.194969484615458,157.03645500534313,117.73479172797059
2025-03-21 09:10:00,2.651896083381339,0.20881230338775325,0.18283766320619482,175.50106311277506,116.44800190744607
2025-03-21 09:20:00,1.412547733744153,0.20123937759275065,0.24744459290085546,141.37944761616228,84.83147713421175
2025-03-21 09:30:00,1.7835513369041498,0.2067441812180379,0.3672729019259365,77.03849547151276,54.09842125860477
2025-03-21 09:40:00,2.231884401982495,0.2894452142378297,0.30436001545944324,221.26037028007266,134.8295162938727
2025-03-21 09:50:00,2.6828815889856514,0.20790155191797371,0.2129385667913894,145.6368259247793,95.42618711848469
2025-03-21 10:00:00,1.6645780335082971,0.2789774856896413,0.32716987106483447,116.60168294825388,86.44793941738865
2025-03-21 10:10:00,1.870038716335328,0.4575400798645439,0.05,102.89535984582962,63.027310142573924
2025-03-21 10:20:00,1.2255655181957803,0.33711247034316927,0.36487657003721036,-18.924958668796933,-14.531864456671695
2025-03-21 10:30:00,1.1626553631435304,0.21739764678321588,0.07602862212219003,125.5953750959944,75.45317798142513
2025-03-21 10:40:00,2.568768075675939,0.3701213922163945,0.2137559058596868,206.56785597725178,134.1378890793604
2025-03-21 10:50:00,2.949368019999576,0.20919246269784486,0.1380330105373856,157.08192962460032,117.52568553617232
2025-03-21 11:00:00,1.9495929148937663,0.05,0.12053185242790942,108.2398186544901,71.79049592319977
2025-03-21 11:10:00,2.702473028524417,0.14919136890825957,0.36608267873785194,183.16140277700885,113.62939221229938
2025-03-21 11:20:00,2.2531452175333437,0.06292080789741442,0.20322987986881086,44.88664641945772,30.16592635997272
2025-03-21 11:30:00,1.548416171776413,0.21484865159586913,0.2846503881730716,78.14604764455426,51.1136619148471
2025-03-21 11:40:00,2.25297692385589,0.25184183791895515,0.2453079421120816,182.452422808023,140.22241934048395
2025-03-21 11:50:00,3.0766255965261786,0.4176437312275283,0.29770408272231214,138.83526344504554,92.00190620460528
2025-03-21 12:00:00,1.974921772623034,0.28269273737641626,0.2576821891060255,146.84690275924527,111.27859964884765
2025-03-21 12:10:00,3.0952505590698043,0.22808994711911357,0.12170077758114303,112.17644798585417,87.31527864399122
2025-03-21 12:20:00,0.5,0.33294055811834894,0.349626681944714,88.6080885724055,60.852799611061215
2025-03-21 12:30:00,2.5753317530626565,0.05,0.20062434168386875,135.99700037193602,106.34810783780289
2025-03-21 12:40:00,2.06093294776672,0.2735614558108566,0.09434181013402487,51.53303837682667,34.80869217712696
2025-03-21 12:50:00,1.7906948546738928,0.3270865193886967,0.20718848390340874,184.62413207349104,146.372907423149
2025-03-21 13:00:00,2.0642325435748514,0.10214137542201585,0.40007597906343106,84.69770546231032,52.33114684721354
2025-03-21 13:10:00,0.6087017597793751,0.36437540432069293,0.3350221742113493,33.060450054545974,24.37890326207584
2025-03-21 13:20:00,1.8462296785137418,0.2838496407494414,0.2151347865592141,135.02760359336264,94.35226745674856
2025-03-21 13:30:00,2.2499788000582224,0.20847120860991986,0.2150742295681571,195.079412926702,132.17210803402617
2025-03-21 13:40:00,3.034525831319061,0.3132781866106285,0.21783649487826173,136.6197491756613,99.26003714041585
2025-03-21 13:50:00,1.6372108472084468,0.4770692857804396,0.4576747983560841,141.80495939798655,105.04506089903019
2025-03-21 14:00:00,1.4340544779747688,0.26818662550584954,0.2881935452231553,125.72608237031514,75.54536478208082
2025-03-21 14:10:00,1.6487700694908245,0.2748220586300336,0.29300416471910695,150.43607299508392,95.28479720615601
2025-03-21 14:20:00,2.6407814823914517,0.20406391004597557,0.35302834540318423,168.32810979609508,125.00200465782616
2025-03-21 14:30:00,2.230125776761779,0.16501556305352083,0.27387891590265134,115.13403150732795,84.42514674498416
2025-03-21 14:40:00,1.6291678573630728,0.33303358165442454,0.22409578541792968,77.8641557095187,61.7625880981375
2025-03-21 14:50:00,2.359287203179349,0.1643916174091133,0.23036501509150217,143.31801635402755,107.80489510625547
2025-03-21 15:00:00,2.067954284543628,0.25715662372193926,0.2428398740585936,80.36322348126686,63.49936600702066
2025-03-21 15:10:00,2.6780514933730224,0.20223425532348832,0.24627777634901585,12.984031553249878,9.614780539822712
2025-03-21 15:20:00,1.5085628342858532,0.2978979825746392,0.322762954363698,133.50118926691394,88.05877842354757
2025-03-21 15:30:00,1.7706364973815623,0.2833662105286948,0.25519458858072996,167.16907974787196,103.82419926679951
2025-03-21 15:40:00,1.7255242928074896,0.3537539944257899,0.32326400772155794,9.970272460292705,7.541162862877155
2025-03-21 15:50:00,0.975539536307517,0.1989983601145253,0.24192834198914176,23.028844431114337,16.78410910102706
2025-03-21 16:00:00,2.207284193945203,0.22301250647066287,0.25786351903160903,168.78044377521852,102.89483757623086
2025-03-21 16:10:00,2.1827386905259223,0.15212362842176924,0.050179931546789236,228.22766948499378,153.37129743690957
2025-03-21 16:20:00,2.0035794196497227,0.20557067399238885,0.3416327674702482,128.60837911490037,101.77552215031419
2025-03-21 16:30:00,1.8357890066373972,0.2877300493044852,0.28464884758979925,89.85528515265764,62.90590861929593
2025-03-21 16:40:00,1.00924048056471,0.3256988616645352,0.3498010109859652,80.88310835916631,55.52996053526983
2025-03-21 16:50:00,1.7055482740642487,0.15778346758223744,0.05,170.79958141884543,118.1147290466629
2025-03-21 17:00:00,1.7600998384312614,0.33696059201056605,0.4588374704780728,98.57959157595437,63.26606966951299
2025-03-21 17:10:00,1.4384059115448669,0.3855637858804951,0.23604103718448263,75.23789457646983,50.69088699610468
2025-03-21 17:20:00,1.8871000018337936,0.29134349032237006,0.36081828167375163,106.56853864830008,71.82321484164467
2025-03-21 17:30:00,2.282835599770177,0.43767958125580664,0.1460094072874469,113.16349584690283,69.0830329300516
2025-03-21 17:40:00,3.3203301308473714,0.1726210800896427,0.31127739050625697,195.63767816119775,147.41563663170712
2025-03-21 17:50:00,2.122204468982287,0.1255345296688583,0.14465844368263436,202.7907682131309,138.5671116698708
2025-03-21 18:00:00,2.180285273505935,0.07212797510957214,0.18762310393041948,136.1334869206638,104.06533512606958
2025-03-21 18:10:00,1.947887858963683,0.3996044311489183,0.44140313538667864,133.5652236644952,102.85451839114417
2025-03-21 18:20:00,0.6568601492906709,0.3154365656354058,0.23093175992366533,54.41473578077023,34.95596156316646
2025-03-21 18:30:00,1.981440287185548,0.24444153290895448,0.27174328731797226,50.79149296169945,37.15248872961821
2025-03-21 18:40:00,2.0421611469587186,0.27799686263198203,0.33700677306887544,180.80336792986958,125.56004891885418
2025-03-21 18:50:00,3.7242694787397,0.13745109527016236,0.29956818879726044,202.05808738930637,156.8034098470291
2025-03-21 19:00:00,1.8653473246532142,0.49457519796168264,0.26504189051435767,139.00172815958484,89.39870234372084
2025-03-21 19:10:00,2.2110831396335286,0.26292211819752276,0.28649610024662253,302.2316691986042,222.31032450607304
2025-03-21 19:20:00,1.9757017612063297,0.2609394794604893,0.49034155852382755,149.62351259512627,107.96090902079476
2025-03-21 19:30:00,1.1819253736663278,0.3225766623898692,0.24423812029664146,58.649144823476924,38.65332271902558
2025-03-21 19:40:00,2.7999759701605145,0.2981009231736713,0.27010990467149676,153.89320910854562,96.54031575112862
2025-03-21 19:50:00,2.526353122880742,0.2723884024279131,0.3550654396007612,218.08009063868138,159.26998598893945
2025-03-21 20:00:00,2.5537223629301327,0.1709525544554688,0.36055259329579836,157.6559459848577,117.88242378368743
2025-03-21 20:10:00,1.3634287816436828,0.29714683571359957,0.36870303055603804,33.346284348796516,22.11277043995551
2025-03-21 20:20:00,2.9819560176552695,0.4382024496475034,0.31387302220291846,245.15695302033234,178.7112110942548
2025-03-21 20:30:00,1.0187042560454036,0.3845420046154978,0.13569950872695163,58.6961991614093,39.85625598644422
2025-03-21 20:40:00,2.410799965660189,0.4093186626639397,0.4133431532301096,263.4036164248829,195.61442431808194
2025-03-21 20:50:00,3.533318938066985,0.1988784323568815,0.1353654606981312,253.2635026387324,162.04889324300058
2025-03-21 21:00:00,1.3066245724085181,0.1510395179741419,0.28026354652390334,63.6743565653806,49.54138743876977
2025-03-21 21:10:00,1.6035915892780597,0.2374213079900352,0.1745724149980642,171.46397664962342,112.73446445722442
2025-03-21 21:20:00,2.069755955561349,0.25557249122886944,0.24358616534070074,137.30954573413857,92.4858328217189
2025-03-21 21:30:00,1.6475670421186606,0.35941915184709483,0.28287624103034803,166.61647586736046,101.90570078679296
2025-03-21 21:40:00,0.9145355982537071,0.08075353702851806,0.2821357215450273,83.68148891116145,52.075194938461266
2025-03-21 21:50:00,2.047994082364219,0.4029550319460614,0.2921920754235285,106.22121607174401,74.69182536928385
2025-03-21 22:00:00,1.2563874003917266,0.23419921014210104,0.41137112690586475,62.28922195604063,40.70716110052831
2025-03-21 22:10:00,2.331514701444627,0.20731189300525799,0.295353430151398,194.71203385484318,149.36283111285914
2025-03-21 22:20:00,1.3564030360363377,0.14878956247398323,0.22558433647093512,70.47202817330687,42.49031148383477
2025-03-21 22:30:00,3.0849540835122777,0.08451433281342305,0.3464087168288357,149.44488863143306,100.99766675578314
2025-03-21 22:40:00,1.451722695364634,0.33231705839619147,0.36894704889246405,65.44065261823249,43.67961411862427
2025-03-21 22:50:00,1.7745569386560271,0.2573317967188404,0.12723921848630076,138.18576425408446,83.44561924236459
2025-03-21 23:00:00,2.5694620521587686,0.12100391002589461,0.3097400069849858,249.8945397123848,156.1525205920306
2025-03-21 23:10:00,1.1383949784962315,0.12049212279363838,0.3201172742310898,21.99466097608356,15.016382665665281
2025-03-21 23:20:00,2.1592219542228905,0.2164215300709872,0.2202436496640008,135.21909654516116,94.4603986927147
2025-03-21 23:30:00,2.9149999279976995,0.4169021525289393,0.38757068133116196,265.8026530501736,180.97384931436986
2025-03-21 23:40:00,0.8747617358071409,0.22404086486363953,0.23499444129674732,66.85999254037019,47.215693367828926
2025-03-21 23:50:00,2.129243700972613,0.09968570468818938,0.2625576453471542,144.30049823687938,103.7558583832153
2025-03-22 00:00:00,2.1819179559738964,0.22542569359140557,0.23269281757161303,83.17264710192366,50.068666355667816
2025-03-22 00:10:00,2.547276010244117,0.22272764302523296,0.25155790475814677,176.0830777702745,121.99370747313657
2025-03-22 00:20:00,1.1341345023853426,0.05,0.1403724913104798,55.15696169524929,43.72291516175727
2025-03-22 00:30:00,1.0756803708410065,0.24457051334821878,0.10599491174057055,129.64746789567675,91.24672491238917
2025-03-22 00:40:00,2.3653590959318285,0.2269065469791322,0.40945050632249724,208.51692219919215,153.36595897359584
2025-03-22 00:50:00,2.2078892712632303,0.31962063648134187,0.1653038651681672,275.1407866155897,182.24576540619856
2025-03-22 01:00:00,2.1753449952421136,0.43489560949453454,0.1508607650543693,184.2556846733253,139.0758730665528
2025-03-22 01:10:00,2.242513746647883,0.36265650295477575,0.05,165.68115345698004,125.02039660397064
2025-03-22 01:20:00,1.5239826948950563,0.22311113094451696,0.1861038252310498,111.9515394226923,78.84290265958458
2025-03-22 01:30:00,2.1625775880127023,0.13934740912583296,0.11769102065925016,106.759126085869,84.89515221572474
2025-03-22 01:40:00,2.205150731309077,0.5073359803249861,0.4142015160136369,186.19935709130974,116.39508810908222
2025-03-22 01:50:00,1.4999540073815427,0.2559218434014488,0.3509817089342634,92.83944838095582,56.01835140051229
2025-03-22 02:00:00,3.3060421578013295,0.25139292919129463,0.18118496548222762,202.48814893232122,152.68247149613697
2025-03-22 02:10:00,2.3316830446382513,0.24758749128899968,0.4752435805344309,216.72764975189912,165.0231743706039
2025-03-22 02:20:00,1.166087551958146,0.2698084760767855,0.3481765486991594,41.921627915586974,26.160833295743487
2025-03-22 02:30:00,2.4595875260436806,0.23556395880760575,0.21751686164913775,207.8800374723796,135.76989633691892
2025-03-22 02:40:00,1.317722830840875,0.19263379931197638,0.05,152.00527484023468,91.73677526766883
2025-03-22 02:50:00,2.550959222619716,0.1953141058759608,0.4790942572590742,150.75783051420942,99.29841227500857
2025-03-22 03:00:00,2.811016905305183,0.24672467297840017,0.11104275332364039,61.351422679142246,46.29752438703105
2025-03-22 03:10:00,1.4255223771538028,0.1956575228866235,0.0854601253043108,62.15997429771708,43.73526719659942
2025-03-22 03:20:00,2.6743632904710255,0.17871542173228355,0.352257043200964,223.4845748888544,149.64954406529236
2025-03-22 03:30:00,2.288946648855549,0.26064302276918966,0.4939752406339273,149.24773641743084,100.64489151089482
2025-03-22 03:40:00,2.575442111996143,0.22450227825791447,0.3884272818510518,109.02576744787409,65.44497648521768
2025-03-22 03:50:00,3.327755087857763,0.40039929885826886,0.30639091200523594,187.3167564574089,123.62158635599334
2025-03-22 04:00:00,1.8282283187979906,0.05,0.3094754341665286,144.63192594845776,105.47887013893673
2025-03-22 04:10:00,1.4723846849497573,0.3591506851922462,0.3353415558780308,143.57781229434207,114.12122877509643
2025-03-22 04:20:00,1.3773398992621337,0.3746085192497629,0.32589285897867654,100.89909910917179,77.63299433217217
2025-03-22 04:30:00,1.4289328005241932,0.05,0.2781191423969376,63.667802283414034,38.501129278835556
2025-03-22 04:40:00,1.946028803410127,0.21573124059196513,0.2604201103951876,104.49505898541553,81.47606406874291
2025-03-22 04:50:00,2.2388063823716506,0.21285591340042084,0.24374068721004777,91.98021497790045,69.5958806718519
2025-03-22 05:00:00,2.193683559531013,0.10924883052821788,0.17460354111333237,204.86991632511118,154.897068022687
2025-03-22 05:10:00,2.579028274325217,0.17221833124091246,0.2219324923133226,134.49587322605154,93.01723184383364
2025-03-22 05:20:00,2.009101324314535,0.13894241545341712,0.08070431858046145,176.82132017395253,120.1679563716587
2025-03-22 05:30:00,3.017473854010122,0.42522704434236225,0.24016603732052502,274.2655204772754,181.175180292203
2025-03-22 05:40:00,1.8147402167334308,0.3435678393147461,0.15114088928490826,178.03215746124232,109.15845397149695
2025-03-22 05:50:00,3.904118416612733,0.3771555094994159,0.1396410682784229,214.1332775102443,138.25452379187612
2025-03-22 06:00:00,2.4379671434355044,0.3221672064043235,0.26798941511534785,179.661370631345,116.65785179137175
2025-03-22 06:10:00,1.3999897105086023,0.13709482287827707,0.3892002286344599,90.28319206640121,62.910719851758095
2025-03-22 06:20:00,1.2503752513572213,0.19754797337202262,0.3418316606002313,43.92510008056154,32.92137412122007
2025-03-22 06:30:00,2.3377306906702295,0.2989374561227918,0.09294993963768228,164.85724302462447,114.53654222030586
2025-03-22 06:40:00,1.8435760502719043,0.12778721911080546,0.15103718634296626,49.026278593544966,29.982946774864324
2025-03-22 06:50:00,2.499800345864464,0.3212998430172388,0.3440771187988216,223.38551339400172,176.82258131985876
2025-03-22 07:00:00,2.3312663372014812,0.2259674601841865,0.15175126064616903,118.96422322649644,93.80862720344963
2025-03-22 07:10:00,1.9490197611401892,0.21251791924504024,0.22753668500029753,133.3114964751614,100.92185648784935
2025-03-22 07:20:00,1.4072443973521165,0.32109599682034917,0.30500520990245517,122.73631732499696,97.97617757490009
2025-03-22 07:30:00,0.9396069427198948,0.29442633114860395,0.15316555451363645,66.541042655924,47.17071002000626
2025-03-22 07:40:00,1.6874395335530852,0.213903383418092,0.260537550614596,140.3077561055191,111.20142703799944
2025-03-22 07:50:00,2.5994791560264305,0.3659329803364248,0.11659745050817955,145.15402201400136,89.28728835441147
2025-03-22 08:00:00,2.1498656208911426,0.14189366724001026,0.18986323560487864,169.04477735351793,113.79015054657303
2025-03-22 08:10:00,1.1279828549016084,0.3115935606944264,0.2819781934142537,25.899078670470715,16.706880640473962
2025-03-22 08:20:00,2.1212266480958273,0.30931012579683836,0.09070062664683307,145.12533649473247,92.7592703431969
2025-03-22 08:30:00,2.269722165810186,0.21904535606860098,0.2940474737960399,238.21804332620442,149.6391865916772
2025-03-22 08:40:00,1.381299794659207,0.28261330222421177,0.24803622010733187,52.270478127249426,37.86905860386508
2025-03-22 08:50:00,2.1076075741618694,0.12488864236146971,0.3052489954417148,90.08697432683216,68.12956898803937
2025-03-22 09:00:00,2.0407461029122,0.3424027019206901,0.27239141340646617,167.4207960887541,119.81631333481428
2025-03-22 09:10:00,1.199920791518564,0.2315097863557011,0.38641404299738447,99.85438816842588,62.84760719095648
2025-03-22 09:20:00,2.2504511522437984,0.19772769794809605,0.2625224502647907,155.0772813759733,118.20374264572662
2025-03-22 09:30:00,2.392549168457764,0.35490092258368894,0.2070594458874747,183.71809610638977,133.59813526583724
2025-03-22 09:40:00,2.758135870222694,0.1795656309457241,0.26222975030322837,192.84402503986018,130.67750245430997
2025-03-22 09:50:00,2.737661436424432,0.10915387036364402,0.3043298029036388,209.37004701346993,153.85056654199994
2025-03-22 10:00:00,1.0356314424300364,0.09433708264760962,0.2548860070325704,86.80393337333982,56.594514924322716
2025-03-22 10:10:00,1.343522472059414,0.31060099513456396,0.25405916912038823,91.25452376790773,61.05278437965093
2025-03-22 10:20:00,2.3605246870460617,0.12195706475037169,0.17980083121932444,167.44664251186327,131.19397030404153
2025-03-22 10:30:00,2.3596501656385462,0.4254794181984365,0.18370990824490518,259.1987450114299,170.57892766489752
2025-03-22 10:40:00,2.3605333804142337,0.05,0.10973947282003063,118.58977115798362,82.30102292834752
2025-03-22 10:50:00,4.696912043458305,0.4196456368290038,0.4249576743186939,236.58285410865741,184.0681386341296
2025-03-22 11:00:00,2.399623357485217,0.2711017467202618,0.1256136764608715,204.9576495398531,151.98517061991257
2025-03-22 11:10:00,2.794895948126419,0.24032868881296077,0.18070948022040928,161.37279769434528,98.8312603429696
2025-03-22 11:20:00,2.6678012344452418,0.19550809131910502,0.17815927344308025,47.87057902233239,30.132643817676747
2025-03-22 11:30:00,2.455973875914059,0.2899136114352071,0.33949243769444415,200.95098755063364,120.88574761229711
2025-03-22 11:40:00,1.779311528751758,0.24623652975751517,0.22050503217079723,91.23292075905923,66.25191999406375
2025-03-22 11:50:00,2.531278454345287,0.36033018820165214,0.37477420726737337,165.56576156756898,114.16333526286904
2025-03-22 12:00:00,1.4590223498236998,0.26142276486620397,0.18265093757561313,119.34542925776839,74.81227549855201
2025-03-22 12:10:00,1.8342269752819937,0.26503017614618773,0.2778994162223802,133.29733869211938,105.51641701112004
2025-03-22 12:20:00,1.6602455165196277,0.21363877877861442,0.16646529467402427,143.17805045427528,101.07395960830188
2025-03-22 12:30:00,2.057311897570426,0.24430543762789325,0.4645149127773388,114.81211836836525,74.44172732425972
2025-03-22 12:40:00,3.620260996671456,0.2807801768892059,0.1312401580970487,237.37116059323853,166.1884664923657
2025-03-22 12:50:00,0.6929143651857765,0.07898316073433742,0.28098207102270273,35.18634187398076,25.89447579881367
2025-03-22 13:00:00,2.480382133262159,0.1151814577894287,0.31337768809320987,178.7453302482902,109.97267898788535
2025-03-22 13:10:00,0.8710988901672438,0.32432640940227153,0.2913799097451498,112.583557844145,73.73556127677733
2025-03-22 13:20:00,1.6696476939473965,0.2670865438127942,0.23147123411222917,68.04852865866405,51.811680061792906
2025-03-22 13:30:00,2.762265417877156,0.2316016663647321,0.2370179300266574,220.31290193961578,152.44176146739102
2025-03-22 13:40:00,2.044996013366824,0.2518433933065393,0.25438114719791094,105.72359068725093,74.99137402099652
2025-03-22 13:50:00,1.2455786554494859,0.2847581705361671,0.23529979983715113,135.8636357368913,93.27897257519176
2025-03-22 14:00:00,1.4992874035180224,0.19602403196906384,0.34638791167949096,119.85889727646435,72.96769810901674
2025-03-22 14:10:00,2.475718424254273,0.1721695274597687,0.47105230015913513,242.33310380162936,153.43319400062865
2025-03-22 14:20:00,1.4887433577980045,0.26958452550976814,0.19425082149921663,94.10733775226876,64.85015014731775
2025-03-22 14:30:00,2.1515210127073825,0.1521627222384968,0.11301970204209222,107.5868770941508,69.05324844783557
2025-03-22 14:40:00,2.0319002879326695,0.2908252755714472,0.24117179516487453,134.52999756268903,82.06273425836784
2025-03-22 14:50:00,1.5438797566759281,0.07974163957621594,0.5079709337654319,80.16858132501288,61.62798813547941
2025-03-22 15:00:00,3.500760862527728,0.3529155637325644,0.1696325432030269,253.71934546080587,202.02111253059397
2025-03-22 15:10:00,2.4437433156226076,0.2972597482413043,0.41391168054440675,79.37584379431952,60.21678325118029
2025-03-22 15:20:00,0.5824001893396751,0.27560297343138757,0.41777008140764404,12.35158748095769,9.520072318646175
2025-03-22 15:30:00,2.130518020338599,0.3482690983945514,0.19464117582920054,91.85548829400946,59.558678468656744
2025-03-22 15:40:00,1.5367494746621284,0.4165474444462577,0.30689830791852757,172.1455639347815,136.36087284700557
2025-03-22 15:50:00,2.5967033343573567,0.35143700650181303,0.41283966231285385,258.7663292434025,165.45134588105844
2025-03-22 16:00:00,1.4452354830971097,0.06591257686683547,0.2120872259012513,77.87231543269048,61.54139772052659
2025-03-22 16:10:00,1.9196844909731707,0.12204230332642985,0.22964196398976383,104.34020800159625,83.36405521223945
2025-03-22 16:20:00,2.35349109528632,0.18751814223043212,0.19183190860513563,143.765615315121,106.72362260944962
2025-03-22 16:30:00,2.6060286359190847,0.25260910502108336,0.14852432693071332,216.62674396708638,172.48444077660756
2025-03-22 16:40:00,1.1597925150609567,0.30176590204691234,0.1850722454933993,45.500004158078355,32.48281496254586
2025-03-22 16:50:00,1.765849134911336,0.17742561868465345,0.12760597332377432,120.5055872172469,78.55859932815737
2025-03-22 17:00:00,1.6675382821873308,0.2686766764477078,0.2534083468259226,164.07263017977726,112.78339097564628
2025-03-22 17:10:00,1.5426695371984018,0.17446170676466774,0.17300267689413582,123.09440957126185,88.46945231976063
2025-03-22 17:20:00,3.235817968196768,0.18884821970080518,0.27337859117907476,195.62237303343758,120.23270153780554
2025-03-22 17:30:00,2.283487197672669,0.10933389031517776,0.09441043537963725,177.04826225110102,128.2659160554927
2025-03-22 17:40:00,1.1173812319654686,0.15767667538890956,0.2830880232214457,-57.86312504836856,-46.072678201674016
2025-03-22 17:50:00,2.642503362938343,0.11483153943836663,0.3333528961608925,184.16914599051705,117.50388029569692
2025-03-22 18:00:00,3.485509337908843,0.15241267470226671,0.05062643574285444,157.8254789241547,119.71362811872487
2025-03-22 18:10:00,2.7227256823858026,0.35536417966078393,0.28740565698475723,85.88917038224083,67.12923706709823
2025-03-22 18:20:00,0.9364410238321907,0.15506011111680568,0.3727668992473292,95.34353026448574,75.20128643383107
2025-03-22 18:30:00,1.661036148993624,0.5132382064837391,0.12903589813087946,205.6392733188206,162.87188158678495
2025-03-22 18:40:00,2.8868378044306358,0.2993317900880889,0.41725723868377035,175.7477882726315,123.77774859932774
2025-03-22 18:50:00,1.5046313740668535,0.26848361236948737,0.2919019009366045,155.56169531917044,123.74335219470031
2025-03-22 19:00:00,2.3106735997023597,0.16416422198187863,0.1794988144241591,216.1539913712213,162.43151961838785
2025-03-22 19:10:00,2.5422438374005356,0.3200309879408991,0.2444230922342294,229.74947518800366,145.27847063846875
2025-03-22 19:20:00,1.351148669895342,0.1924362173762226,0.3058326912521723,174.91593552600244,121.63304697066049
2025-03-22 19:30:00,1.95833225075674,0.26220098146453613,0.25760053914124115,166.39509602071004,123.74241459256484
2025-03-22 19:40:00,0.5,0.5060084538268794,0.3038755992446369,85.45003931266031,55.49707152966548
2025-03-22 19:50:00,1.2829286510659972,0.24039401002753502,0.15793264069206336,11.246195775036199,8.188614219152027
2025-03-22 20:00:00,1.8232022940247878,0.3649273326285676,0.2669360824036078,120.68844520567089,88.50326220130091
2025-03-22 20:10:00,1.1265517726246053,0.17968235748741124,0.10862855030950197,34.30606562035183,21.699956989713318
2025-03-22 20:20:00,3.1426879127521445,0.24650115095030384,0.23887739386512996,295.1091944848309,210.4178909655269
2025-03-22 20:30:00,0.9989010354275571,0.427080063563551,0.15960923585352102,87.05095222318653,65.66474280625667
2025-03-22 20:40:00,1.6919688593121114,0.18730329422122327,0.17644700574102334,113.01795284177265,79.08760504256118
2025-03-22 20:50:00,2.091518404100264,0.43124485579969285,0.37360931752104376,182.74686093742673,110.09047788213459
2025-03-22 21:00:00,3.0088913023462807,0.32077519354554757,0.3591310120594269,191.88482703168003,115.47776523419024
2025-03-22 21:10:00,0.9948964941743925,0.19375332241057325,0.3109138120907177,160.09098521312896,107.48602701310864
2025-03-22 21:20:00,2.8142146265084715,0.3132407739055521,0.1407687235327421,143.717715099911,112.85272811076787
2025-03-22 21:30:00,2.007163142713711,0.347255444962673,0.2183591550305198,149.18125749442538,96.3316124048636
2025-03-22 21:40:00,1.3129439442664343,0.31218099622171963,0.3713097699979183,67.16796295054962,48.82256112059127
2025-03-22 21:50:00,2.3234724319842894,0.09297752801095435,0.2641716913639905,64.75368266655444,41.72825569168747
2025-03-22 22:00:00,2.139341786901429,0.17728628241751315,0.48193295399816943,103.74592212152187,68.92194321212318
2025-03-22 22:10:00,1.5798481859888438,0.22524813644484953,0.2893317839394372,105.45201877029528,81.1567613323084
2025-03-22 22:20:00,2.048861459493013,0.24255665708999538,0.2692049116490032,110.61772569076724,82.49563443197916
2025-03-22 22:30:00,1.7302804821967679,0.3120672097550678,0.21908835357974987,87.48146316324737,54.158011570763634
2025-03-22 22:40:00,2.0794621416758736,0.26777010009332536,0.2633540904782282,65.70132571909909,45.0540536549126
2025-03-22 22:50:00,2.4634914721647325,0.11646556412898987,0.23475301636194562,135.3609117169398,82.006236190482
2025-03-22 23:00:00,3.1102117713017465,0.28801978510059634,0.320810867668859,115.49276572697403,80.40352604459072
2025-03-22 23:10:00,1.1335291508212058,0.3110585745283823,0.34567023167945843,132.6985178119678,97.19991298737418
2025-03-22 23:20:00,3.4931233622593867,0.305979044793104,0.17140105394920505,212.804081317989,132.72601718050862
2025-03-22 23:30:00,0.6335385403342488,0.3580780725554622,0.1168767046442222,-3.0553066081034217,-2.0097103774281986
2025-03-22 23:40:00,1.8937504334750916,0.3333922154548904,0.06637946268967032,113.89387862054386,77.3985584394762
2025-03-22 23:50:00,2.4118220445392033,0.2959180079228437,0.30079913269125436,118.59106539354048,92.96427201139926
2025-03-23 00:00:00,2.1966943074145227,0.2429834288541353,0.13966333938261263,152.88505056475094,122.10179899017703
2025-03-23 00:10:00,1.5641103361255844,0.08390390664840086,0.05,154.61842977227653,94.15988076931298
2025-03-23 00:20:00,1.8543144247499073,0.2929618219132586,0.2888578604530964,34.030437155595905,25.597748756441636
2025-03-23 00:30:00,1.654899345738817,0.2707687687163111,0.49929995174327907,125.5591471508084,84.67015964106679
2025-03-23 00:40:00,1.5874446701390519,0.27715788371953737,0.24939290884601067,104.06924027749453,70.6101092228138
2025-03-23 00:50:00,2.5947214679147175,0.12232514241796905,0.3338490774451642,182.21257300895934,136.81485611019465
2025-03-23 01:00:00,2.249910840175533,0.14189434595917377,0.2581829358547565,142.5084667336736,111.68178857074827
2025-03-23 01:10:00,1.5149632833175422,0.3553152853332904,0.24011103468088574,78.48344680588292,62.01649883609651
2025-03-23 01:20:00,2.6297199128032753,0.2460444846143345,0.34190764829877685,146.97590028424182,105.1501625020155
2025-03-23 01:30:00,2.2151096646136264,0.31815006973726245,0.22097254558113485,107.18864827585583,71.96905583273899
2025-03-23 01:40:00,2.569003483187272,0.2528318376130461,0.2767392314071903,213.0684994787419,161.40148008520214
2025-03-23 01:50:00,2.4407401893465286,0.2529756139495745,0.28216978061960135,154.043548908273,100.15915811668587
2025-03-23 02:00:00,1.4197034923545493,0.3438283805975998,0.18319095463569512,204.0913660578517,145.47934745518876
2025-03-23 02:10:00,1.6078732718621214,0.19839552717826262,0.34920423495365227,104.18426031927434,69.98220254764307
2025-03-23 02:20:00,2.5231055235862834,0.25961207769409833,0.23250402433045914,121.34622608981005,88.74367619943615
2025-03-23 02:30:00,2.4272591858034254,0.20377247112949576,0.1744254840507155,69.5429964534938,45.06941002145166
2025-03-23 02:40:00,1.9853688842250963,0.20655037725676845,0.30365098435704035,35.839517811275215,22.877030445000724
2025-03-23 02:50:00,2.0821291683161474,0.21908278765313605,0.16015320182089626,50.01100406726441,39.19101418004794
2025-03-23 03:00:00,2.8943654270518975,0.2722133771633713,0.2528181157369128,190.35230393424445,118.0870954802338
2025-03-23 03:10:00,1.5859000278149191,0.20212513783365227,0.24908810033557965,129.92552834231947,91.10268670167879
2025-03-23 03:20:00,2.3829681668190266,0.37557561255735206,0.35858955658315783,84.81822562674303,54.63740361117594
2025-03-23 03:30:00,1.8584651432962742,0.1605392697780496,0.29746982328799526,159.67849631218434,97.0503533883768
2025-03-23 03:40:00,1.8476231577409459,0.2313128355838641,0.2474973041254856,96.30933494377145,58.479390653284426
2025-03-23 03:50:00,2.769143796391033,0.20602689417258252,0.3317766299200287,173.03506243448794,109.88493951593546
2025-03-23 04:00:00,2.5777914442916208,0.3946977884353733,0.3890207549017314,256.7507975689242,198.5592745070575
2025-03-23 04:10:00,2.569456745200447,0.2696554776511575,0.30578103063518625,206.39597143111843,135.49807781302718
2025-03-23 04:20:00,2.91383516500803,0.3531844539468635,0.25103526198433807,172.604376489483,136.3733083968618
2025-03-23 04:30:00,2.0147026891429314,0.10144396269630279,0.11881637676498405,68.69624699131217,49.2088019337551
2025-03-23 04:40:00,2.477367079906475,0.27670502658692586,0.14348863369246273,46.81785926140034,32.1789838944651
2025-03-23 04:50:00,1.7828132703845807,0.3389630795623437,0.21947752956453323,91.46885610463306,65.49332609203677
2025-03-23 05:00:00,2.2269164467419094,0.2582283989275424,0.1890487797840717,130.39312588414643,91.71065904827664
2025-03-23 05:10:00,1.9088998619426207,0.35654803750653513,0.2313028697014554,86.36687788425446,64.92675394049888
2025-03-23 05:20:00,2.067897175494903,0.19827115498996278,0.2556649924897107,121.7724257689204,79.94350170609049
2025-03-23 05:30:00,2.4166099178058396,0.390934744018558,0.3029692754356731,169.82594994879963,113.8869935959432
2025-03-23 05:40:00,1.4272455217365692,0.47988981236192507,0.24295012219409087,112.96746067649886,87.98118899840065
2025-03-23 05:50:00,3.464671092979822,0.21371614395603408,0.2986501643826202,168.07804329107395,132.66253773272695
2025-03-23 06:00:00,1.2957878329502086,0.20544974785992282,0.256447441481012,98.89604886145933,76.99172573231559
2025-03-23 06:10:00,1.1500679710485875,0.39533844771177007,0.05245334336461285,120.1833426693691,82.19213799957171
2025-03-23 06:20:00,2.8106776114500476,0.4079572145730712,0.15606646061812457,129.9309773700297,98.23731692432561
2025-03-23 06:30:00,2.554163885774055,0.19771399728467318,0.23559124442783846,222.73803789304034,154.86244005859007
2025-03-23 06:40:00,2.4368838719365087,0.20798131829041427,0.12903052571588924,140.29352932597155,98.13644196316267
2025-03-23 06:50:00,2.4398418564849957,0.22182153911394928,0.3099928729996205,151.3165853428795,96.98425024375898
2025-03-23 07:00:00,1.9914272590071598,0.11555494889657228,0.40307508323436975,154.59908066753047,111.0370886882153
2025-03-23 07:10:00,1.3719219399599178,0.15813480535158017,0.37187618516973164,103.50790779972363,65.95805214840864
2025-03-23 07:20:00,2.0530631907356085,0.1495859233247932,0.2286557129069792,169.84169782306157,113.16772097938987
2025-03-23 07:30:00,1.525986801941522,0.17322024348958714,0.39907261368499525,115.95902497982593,89.4051086895259
2025-03-23 07:40:00,2.6825838133924256,0.2465315112613219,0.2648667457202112,133.4578079781358,85.60186150339736
2025-03-23 07:50:00,1.8970598329485029,0.27342147325365207,0.21629140288819607,144.59614329085935,88.8155286943695
2025-03-23 08:00:00,1.422151962245242,0.4050500492814077,0.18865973364590602,58.19948734728792,35.72293371100003
2025-03-23 08:10:00,1.7750299108429046,0.15016459592612091,0.21975303135118718,113.59100105060722,89.52753172173703
2025-03-23 08:20:00,2.289052017992937,0.34843223984765836,0.21118231814587712,151.85797171510717,106.51076493502791
2025-03-23 08:30:00,1.6053928130372177,0.2286011155774491,0.2670416222375488,98.06474179072978,66.8686228961866
2025-03-23 08:40:00,1.424445723103498,0.2450536290347567,0.26605739810498646,94.62192144880376,72.118530748612
2025-03-23 08:50:00,2.1705810480443386,0.3174819492166604,0.25030460201534144,51.19088708930788,39.27186639398137
2025-03-23 09:00:00,2.171476599776106,0.13772779784377015,0.293693816974635,100.78424072562694,67.16646864505972
2025-03-23 09:10:00,1.6451397772402092,0.28824097461840503,0.3690646274786341,123.10462393047938,90.94029238162787
2025-03-23 09:20:00,1.670273186067174,0.2666452208213056,0.3449554135441324,125.07010925624193,94.33094851946043
2025-03-23 09:30:00,2.1624349561503453,0.2992451264008149,0.10151020315500964,88.69270746440105,64.8281728509549
2025-03-23 09:40:00,0.9863409609518732,0.2789168643907818,0.05,141.49412652990685,89.1864384569593
2025-03-23 09:50:00,1.0147753579364114,0.4955300139910894,0.34343199112392736,63.85166670768301,49.49631896933557
2025-03-23 10:00:00,1.4970890451232948,0.1862260015748684,0.1133121301584579,144.21615504315758,102.07892174595413
2025-03-23 10:10:00,1.850586993801707,0.19690030449981824,0.22752345981073163,138.12956742986606,90.6812992709903
2025-03-23 10:20:00,2.217635295918603,0.18768594735752356,0.13298869739406405,99.99876798737364,68.50371972387936
2025-03-23 10:30:00,3.0327493518646866,0.19445228808397452,0.06980195624199803,261.24428015694735,158.70961458736323
2025-03-23 10:40:00,2.6003617362414135,0.1862612872693482,0.3041462728204788,95.04529940759105,59.45780732584975
2025-03-23 10:50:00,1.888043029025601,0.3689016531107552,0.3259155160302647,183.76833576346093,138.3976519163616
2025-03-23 11:00:00,1.9866886544681177,0.3920504247989855,0.19234895992732806,192.4155703039999,115.44978992401778
2025-03-23 11:10:00,1.2982294447535339,0.19292537062505238,0.05,51.67299884634968,35.30884042272864
2025-03-23 11:20:00,1.987040804805327,0.16676444268957713,0.19537555517475172,189.55926061593556,133.5448850877379
2025-03-23 11:30:00,1.797938952755903,0.2971415556386404,0.2891804005402546,112.89238548251664,68.96899329018268
2025-03-23 11:40:00,2.2259029922366627,0.1947776955719029,0.10210884312258711,147.24977749546804,117.0069750939558
2025-03-23 11:50:00,1.420938339513374,0.3132931817755511,0.2683359919779156,120.75904693134315,77.91676405655481
2025-03-23 12:00:00,2.3635425599688205,0.27029230208513,0.24846901508270045,143.46030143508062,94.80426886408566
2025-03-23 12:10:00,3.0729172391018045,0.0984255885002768,0.30792914996010884,210.18741746230916,138.88942881896358
2025-03-23 12:20:00,1.9238678960801996,0.40475052013300616,0.26195803684141533,181.58204358174956,117.31713182556051
2025-03-23 12:30:00,2.281198205469259,0.42958776730955217,0.15269310591184443,72.64595046074602,43.60898371770164
2025-03-23 12:40:00,2.483100794197779,0.18872113095156137,0.3696571501664491,215.6373079522817,160.83717436459838
2025-03-23 12:50:00,1.7191456696799146,0.21122984400640157,0.234147042697303,28.638609336798226,22.720987713637566
2025-03-23 13:00:00,2.1568647372672918,0.2785865390724905,0.2472695460490068,192.27459190867665,123.98994273848751
2025-03-23 13:10:00,2.0088146805472564,0.2834456789987025,0.15667320409268037,188.25402285046584,137.91667394961925
2025-03-23 13:20:00,2.0683732689841823,0.3158544272672831,0.20567177488084898,84.56922016279452,63.28985086018475
2025-03-23 13:30:00,1.4588931513011736,0.451020453876635,0.1615197285973099,100.73638312693913,77.53529068469982
2025-03-23 13:40:00,2.01715712198126,0.23230527725059505,0.2327053940076577,73.45725827997884,50.28339138432506
2025-03-23 13:50:00,2.348598803871815,0.1701702755461546,0.4211708480142343,132.12433319405412,87.279508698755
2025-03-23 14:00:00,3.0158005254565294,0.11206807719854728,0.11280988570686437,148.85131749753145,98.99491235349173
2025-03-23 14:10:00,2.671489578259645,0.1769069960058081,0.08864386021232587,192.02108233127657,142.58031333355268
2025-03-23 14:20:00,3.507227720258089,0.2466873027126203,0.39711703274936083,273.48789424513416,208.7685958185386
2025-03-23 14:30:00,1.4628567059783655,0.4294557863517788,0.2290676322848134,190.45395711929024,121.19019403705016
2025-03-23 14:40:00,2.6106244457044747,0.19823887009638286,0.18309272613400834,125.90856248862707,84.8860673142215
2025-03-23 14:50:00,2.128339404016846,0.27237879516388985,0.35399046873960766,130.27356540479704,101.66393228536141
2025-03-23 15:00:00,3.5328620532523702,0.2483577103927248,0.1894384460263136,121.09573301136976,92.19486842341311
2025-03-23 15:10:00,1.434191200251394,0.3688393273448084,0.43260097135469366,76.95200884933497,61.32857181454498
2025-03-23 15:20:00,1.412194710473457,0.5026932425873623,0.3177925871339269,175.47749317996048,131.75721467684818
2025-03-23 15:30:00,1.5804251481891844,0.19691312270796793,0.20120885918542974,183.5158880413762,124.54104612287503
2025-03-23 15:40:00,0.5132729929831352,0.20105605574817778,0.46573082132655036,-6.6335719434905585,-4.763750878964507
2025-03-23 15:50:00,1.6319714848234672,0.3544160877069072,0.18942850769966615,91.2055402082127,66.78095655371875
2025-03-23 16:00:00,1.4686071369124116,0.3181891489626312,0.3242095372009307,110.41317463795596,67.98041593245077
2025-03-23 16:10:00,2.105275650533345,0.43467073257360334,0.27992925804064916,168.3374988858209,119.3343505807885
2025-03-23 16:20:00,2.2392291830440114,0.30839281853259637,0.3801741289398798,109.9240475881755,81.54871185376675
2025-03-23 16:30:00,3.3133195874511205,0.21407079092129405,0.40615111967268525,216.39913308134362,137.08111687518007
2025-03-23 16:40:00,2.665296686730235,0.30906548306923093,0.2532004149065767,145.54342358802057,110.04921669591471
2025-03-23 16:50:00,1.5961674410363178,0.36087035805829076,0.17465821296538164,118.66595857303865,85.05436646153423
2025-03-23 17:00:00,1.3711097300561494,0.3320482181197364,0.2959972142939116,134.99446500084431,106.70561310498569
2025-03-23 17:10:00,2.344343420054554,0.30072740311072976,0.1822284630247894,151.25559406484336,92.03667842228188
2025-03-23 17:20:00,1.0758367550855505,0.3566674689589154,0.45133872475266235,76.66606461889387,50.067940932718116
2025-03-23 17:30:00,3.282021136098048,0.36692955904456726,0.2636535331082737,200.58659317523302,144.48468455715923
2025-03-23 17:40:00,2.8256080845049008,0.38821589910375276,0.21346784486878911,179.95320307272934,118.64530306452254
2025-03-23 17:50:00,1.6715770435267068,0.31487098875896424,0.2684680305864908,101.9347601698552,75.72578726674338
2025-03-23 18:00:00,0.8008058296363858,0.23328819196831457,0.11528737104703035,52.73505496623623,39.64627003843327
2025-03-23 18:10:00,2.9477106619157887,0.2646713686433323,0.15283859614893486,256.84180040833724,159.3711572012883
2025-03-23 18:20:00,1.9198221083231675,0.37065089665083567,0.37004139079444254,168.50299529419274,118.41900044934222
2025-03-23 18:30:00,2.866471418381423,0.1683064329012764,0.18431057210286042,149.066409749798,104.61154346538655
2025-03-23 18:40:00,0.8839006388439432,0.2868673308872901,0.14530890173180605,110.63566329109909,74.55252256534831
2025-03-23 18:50:00,1.580437483932359,0.21066611876726393,0.30366527525272863,89.47081709059842,70.37640020200762
2025-03-23 19:00:00,2.003670589802728,0.25287448229348175,0.3685704154662997,191.49861790814265,146.59243405808064
2025-03-23 19:10:00,2.0328864156353195,0.3778451862607299,0.3218953310665067,164.3488556390738,121.52642619497924
2025-03-23 19:20:00,1.6849541699645294,0.2691099068019903,0.34960476858058165,112.78568734982571,83.78457653062749
2025-03-23 19:30:00,2.435994952643249,0.2546436548156149,0.17432049114305392,173.13636922709892,119.86979288692747
2025-03-23 19:40:00,1.252665699432184,0.11401438590200808,0.10781893332581563,-2.352705375098637,-1.844988977103244
2025-03-23 19:50:00,1.9003343604850946,0.32462535660272207,0.40013336519554865,79.14354754294764,58.480677769755474
2025-03-23 20:00:00,2.084206942198329,0.31454841811410755,0.2177320161157864,80.32357892369016,59.90502092217139
2025-03-23 20:10:00,2.3601071838411243,0.466325472330546,0.22491669835449526,176.28339513038608,136.15039669275248
2025-03-23 20:20:00,2.498130414662223,0.2192221765046999,0.38281941418490584,241.11087664153382,157.88285421868713
2025-03-23 20:30:00,1.2127505357134916,0.2719150327663939,0.305623000940066,205.5064973907469,156.4755613543742
2025-03-23 20:40:00,0.9261200804850644,0.27493836837107555,0.2955887772081608,111.61417147756185,71.3268265140908
2025-03-23 20:50:00,2.8943737753289565,0.40774532797634744,0.4665002344901084,219.8654500011076,147.10502274758122
2025-03-23 21:00:00,2.232619808385714,0.2404704467613048,0.1856481769619857,49.33811192701897,32.91454438754002
2025-03-23 21:10:00,1.4760594244104124,0.27790215257703393,0.3427840128081237,81.3151767476854,64.70290033144616
2025-03-23 21:20:00,3.085806382865766,0.3107896509716539,0.25570131248970845,151.09412289483592,116.54002184669571
2025-03-23 21:30:00,2.080972244005001,0.2686609123156358,0.27685922788632567,105.40950807698435,78.0276988839179
2025-03-23 21:40:00,2.8255080288446783,0.20535663854494718,0.40284684264125314,161.4608112203142,120.35472163891563
2025-03-23 21:50:00,2.0472629369870763,0.26940899928983075,0.3007835756289624,111.71518940605978,79.58752738097117
2025-03-23 22:00:00,3.442523547417391,0.3573631749859772,0.3038296079049633,114.97409650877714,90.76263665780569
2025-03-23 22:10:00,3.228738589710243,0.14734847005889395,0.3572507337309802,220.71230397189788,154.33346492611608
2025-03-23 22:20:00,1.8257250960646485,0.2632969674146876,0.21350472704571147,68.24889479862509,46.14331950915989
2025-03-23 22:30:00,2.680099665668049,0.17998791850608267,0.16607903326609935,167.2876990048902,105.82738067728869
2025-03-23 22:40:00,2.4517631647096034,0.36950466289248424,0.14551908059789664,266.1531396241852,201.5421043224233
2025-03-23 22:50:00,2.958042090272644,0.09768130952162252,0.05336434106239982,112.76829270772129,84.2253732865748
2025-03-23 23:00:00,1.3245535775939268,0.19410781527284116,0.45562071299403223,-31.76350147045538,-21.49979324854089
2025-03-23 23:10:00,2.4802360219989072,0.2877211875064521,0.13967916342783168,141.27729202514166,85.47822667529066
2025-03-23 23:20:00,2.7408971407947114,0.4065524029234341,0.2278746376414228,237.30557183483603,182.20309122530603
2025-03-23 23:30:00,0.7688823595038201,0.2434249738927012,0.22231867001110794,165.150361475713,99.46735370438059
2025-03-23 23:40:00,1.1717190411339575,0.19448004733068017,0.28074066978091006,22.171290462763253,16.423160720205587
2025-03-23 23:50:00,0.5725374755679298,0.438115706944059,0.3315737212539297,103.90488005970707,82.50581775845706
2025-03-24 00:00:00,1.8114152158888095,0.1051986099583756,0.33604734883597454,84.54604592799485,58.128134506901965
2025-03-24 00:10:00,2.5022795790571735,0.05,0.19169225614310614,128.650406360514,83.236128623637
2025-03-24 00:20:00,3.0516499364672196,0.29400144500533326,0.23328782862135886,318.8655652471732,236.2711577570697
2025-03-24 00:30:00,2.0518663462938425,0.1997945775647389,0.27825799504883,52.989418552384976,40.453480157070295
2025-03-24 00:40:00,3.1400308818999045,0.14787671828692867,0.2251308873816453,188.9788167460497,134.04004096094212
2025-03-24 00:50:00,1.033928979249576,0.3208356447299353,0.4107345576019993,115.379363175784,91.54280075098504
2025-03-24 01:00:00,0.8076322924513919,0.2743800713771199,0.2990974951638251,128.09088791052545,78.17819123318927
2025-03-24 01:10:00,1.9611166107723668,0.19359213692632715,0.32348777860498173,128.78395747689544,90.27228945945213
2025-03-24 01:20:00,2.268845814257515,0.12196956013291055,0.3162881268667413,147.36753623870675,109.59587936680362
2025-03-24 01:30:00,1.9771136763341348,0.33724573282801446,0.3673473857485325,120.34477644338926,92.96972079632715
2025-03-24 01:40:00,0.5527905299720866,0.3150201177958661,0.2681021558703707,77.9599284578537,49.57090801071224
2025-03-24 01:50:00,1.9376159723410482,0.2400824136220617,0.12031680520441534,106.13576230847636,80.66325326237055
2025-03-24 02:00:00,1.0868713496466027,0.4346636996047666,0.2899687951752642,134.68790783911462,95.70133663874996
2025-03-24 02:10:00,2.468770784181027,0.14299152336738474,0.1848643106208171,122.95446095602448,83.52428541545522
2025-03-24 02:20:00,2.2566187722677937,0.09744748290752611,0.19713833182502433,145.3734732357521,91.05365817782909
2025-03-24 02:30:00,1.3420841495708513,0.18080919301187554,0.30863640187550934,89.89471413299138,69.49393145731614
2025-03-24 02:40:00,1.6402931578643145,0.24544139836445023,0.37382830714336357,170.33787641113642,107.5606427062217
2025-03-24 02:50:00,1.258550534677734,0.2743339449322692,0.25212715767360616,92.83377820116142,61.45202240294288
2025-03-24 03:00:00,1.9561246319087797,0.225876394214367,0.28088330125989636,37.359913631729555,24.58316338371487
2025-03-24 03:10:00,2.6685996243508665,0.2852055396514297,0.4202214944635238,233.45104010765635,180.75712659384655
2025-03-24 03:20:00,1.3099917675651196,0.1248460575809556,0.2740753179488568,38.17908545219773,28.0440882912888
2025-03-24 03:30:00,2.352832560862491,0.394376460407326,0.5101683114180395,134.59432337977694,102.20235274871179
2025-03-24 03:40:00,1.6288196671392914,0.24178488216074312,0.30655096456315445,81.96742616212737,53.28649749732789
2025-03-24 03:50:00,1.444989017416359,0.36172958315881276,0.07392372408441822,178.62278832692846,129.49702380117327
2025-03-24 04:00:00,1.9250787480318095,0.2842725346377704,0.32533416211045324,24.40416340864182,17.433094525360016
2025-03-24 04:10:00,1.2753303743064381,0.2956753219153784,0.28811583848827776,255.983794359625,196.22849259741855
2025-03-24 04:20:00,1.6124454862569726,0.3069767280232204,0.3789752754082746,171.70229307663874,134.13682104832395
2025-03-24 04:30:00,1.161485475187806,0.2947708560017315,0.31731813512699586,105.05966776856135,63.291237935647324
2025-03-24 04:40:00,3.375307593041472,0.3142722759867544,0.23615440160162263,202.17099525196718,148.55605272233362
2025-03-24 04:50:00,2.02468448638021,0.38291525301324314,0.12757017637106344,156.3548568906389,95.43386992501875
2025-03-24 05:00:00,1.51019214440519,0.269652116970147,0.22909767427139746,133.11289382166908,94.47976933451046
2025-03-24 05:10:00,2.1497859375139554,0.3209003757588512,0.16494795457906997,175.13907284066715,115.15858960106841
2025-03-24 05:20:00,1.9213703652164191,0.24102643057127732,0.19194765501952774,151.79033771851167,100.38734736022748
2025-03-24 05:30:00,1.8453212803267438,0.3940117215449473,0.308857840442061,142.3234270424356,95.44090898848312
2025-03-24 05:40:00,2.4299166900303977,0.182360769794073,0.4169904504351406,138.2047994742637,100.09599935171333
2025-03-24 05:50:00,2.5302553970331134,0.4300940432910816,0.2894671529822981,167.74785305773423,111.85594474562971
2025-03-24 06:00:00,1.6286491966726309,0.24598420493556566,0.13041169379648154,98.89370018548368,73.82808415834296
2025-03-24 06:10:00,1.596927231548724,0.10692248978819519,0.2944602668220141,153.11632073604923,104.25774142483837
2025-03-24 06:20:00,1.8074638119938493,0.2628104414910789,0.3696631486645651,153.72533383613475,94.33672400896415
2025-03-24 06:30:00,0.5,0.1818948342525119,0.18902170956806177,-100.04951411660159,-75.71266675488877
2025-03-24 06:40:00,0.9393662564610135,0.33406435489887243,0.23659828333270824,117.90175280608014,77.47933315332985
2025-03-24 06:50:00,2.956811987211167,0.18473760206976092,0.2514688194729197,181.0805456929316,124.3214599588913
2025-03-24 07:00:00,3.1514773994508984,0.20538165667852204,0.171510168691776,180.6068011919378,133.12324614422025
2025-03-24 07:10:00,1.825674772310535,0.061045926905446884,0.3148280433843859,84.25896951931487,56.157864353929305
2025-03-24 07:20:00,2.4035898741390365,0.20476936807509233,0.23790518513922185,201.62017021654617,123.25386405475084
2025-03-24 07:30:00,2.217875108180475,0.05,0.2919532443907028,169.1091434029807,114.11217963392492
2025-03-24 07:40:00,4.155216565918666,0.09160971765142767,0.16125078221979,181.5029323142914,143.18579682439338
2025-03-24 07:50:00,2.7837024380042035,0.32604146561442976,0.20625416996765894,196.26696621723306,142.95043238534635
2025-03-24 08:00:00,1.9104576859634634,0.32858001586508323,0.32223813578277716,86.24281187327276,63.32773710302991
2025-03-24 08:10:00,1.331121691579702,0.2925457561784965,0.21271668479082328,31.084085653204696,22.581233916055844
2025-03-24 08:20:00,0.8754875758196994,0.1533023856870787,0.4226963851233405,36.222683832661396,23.17521616653938
2025-03-24 08:30:00,2.142424545107056,0.24522886438580202,0.21003638143853975,178.96451494184174,122.35209237966724
2025-03-24 08:40:00,1.4705544783009876,0.24963974609094317,0.2724684725751886,151.5973202444518,113.72648436602869
2025-03-24 08:50:00,1.004422403281628,0.13416353108074572,0.343259083187309,96.1569259407668,59.64369680494409
2025-03-24 09:00:00,1.5473989810302315,0.40033983017671504,0.10816342670669682,155.8219899457169,102.15230846387827
2025-03-24 09:10:00,1.2429163974699236,0.33773622905756717,0.0739191188019224,123.20673951103927,80.73291899035857
2025-03-24 09:20:00,3.1809991445507952,0.2279035826170336,0.09743436854299051,151.7149230989553,104.1376975348319
2025-03-24 09:30:00,2.6171478298646154,0.2526885838994531,0.37625841034271823,185.24754532372748,147.4707077485671
2025-03-24 09:40:00,1.9944191510783678,0.27083828079475525,0.19481418541075532,170.72154560299313,104.73775518219593
2025-03-24 09:50:00,3.035960897223018,0.05,0.5058199285668252,204.6290099231661,144.00566013915227
2025-03-24 10:00:00,2.054157815353333,0.2252822617479403,0.19357524013426114,188.55329031887803,119.89593438340711
2025-03-24 10:10:00,1.3971010590702155,0.18180157520022014,0.2684551303197037,128.81950543998008,102.30011776836237
2025-03-24 10:20:00,3.06618685408876,0.14983799901050843,0.4042109952567876,193.94977288770372,120.76490153447675
2025-03-24 10:30:00,2.377237030579261,0.2218899707114045,0.45060928881591233,203.5705462922431,138.5745830823151
2025-03-24 10:40:00,1.2739276919714806,0.42976865268495223,0.45615035766363976,114.47019405788903,85.5752839160174
2025-03-24 10:50:00,1.8667629253414744,0.314084286126701,0.37083662305931425,88.0695747795442,65.25170664481094
2025-03-24 11:00:00,1.38706722263067,0.19288210102172032,0.3524062525811462,87.53634808814026,59.92263307407862
2025-03-24 11:10:00,1.0320401883249648,0.30725827813561585,0.3092526949201183,51.26775888788972,34.31375883101914
